Actual_Churn,LogReg_Pred,XGBoost_Pred,LogReg_Prob,XGBoost_Prob
0,0,0,0.002676047492104708,0.0
0,0,0,0.016692532859255753,0.08
0,0,0,0.006682561949147151,0.07
0,0,0,0.009378908603183456,0.07
0,1,0,0.5462014344446113,0.09
0,0,0,0.0005723671250672036,0.0
0,0,0,0.04355353546783988,0.06
0,0,0,0.001976276325571642,0.0
0,0,0,0.14428688109839397,0.05
0,0,0,0.003483978730312072,0.01
0,0,0,0.01835458247452038,0.04
1,1,1,0.6448506967815645,0.88
0,0,0,0.019835140332514708,0.02
0,0,0,0.0010863819002934966,0.01
0,0,0,0.03953202603609545,0.02
0,0,0,0.07821497933266658,0.07
0,0,0,0.011265770563922094,0.05
0,0,0,0.15470193223425305,0.07
0,0,0,0.0339168393617745,0.02
0,0,0,0.017463773199015077,0.0
0,0,0,0.4393836863162366,0.23
0,0,0,0.008971444322498445,0.04
1,0,1,0.29771505517588465,0.71
0,0,0,0.019231519927006214,0.06
0,0,0,0.010294145509827149,0.02
0,0,0,0.05388792706106349,0.05
0,0,0,0.2697525433759935,0.16
0,0,0,0.19156875687211933,0.04
0,0,0,0.00971785737923954,0.06
0,0,0,0.13728819738429393,0.02
0,0,0,0.056869226167997076,0.01
0,0,0,0.00014923603249674904,0.0
1,0,1,0.43354188406598815,0.57
0,0,0,0.17737711446450585,0.17
0,0,0,0.344075164569699,0.05
0,0,0,0.0034176250667054733,0.01
0,0,0,0.029277869164185427,0.03
0,0,0,0.030732230392785945,0.04
0,0,0,0.12417944949453269,0.04
0,0,0,0.18359913423027577,0.08
0,0,0,0.004134974696038026,0.01
1,0,1,0.18788999336269474,0.7
0,0,0,0.057347618921469584,0.0
0,0,0,0.009716633764275139,0.05
0,0,0,0.24317424345281688,0.11
0,1,0,0.7051186927440924,0.27
0,0,0,0.013647961992186071,0.05
0,0,0,0.008277186096767935,0.01
0,0,0,0.001490177329702029,0.0
0,0,0,0.004887061308682486,0.04
0,1,0,0.5015218883502046,0.32
0,0,0,0.15592228520446025,0.05
0,0,0,0.01983609168148516,0.11
1,1,1,0.6522839379858781,0.8
0,0,0,0.012104889993209097,0.08
1,1,1,0.7731473443072705,0.72
0,0,0,0.006648227940954116,0.03
0,0,0,0.4395533408660528,0.26
0,0,0,0.005572840271644983,0.05
1,1,1,0.6935382487421257,0.82
0,0,0,0.016622337088683103,0.02
0,0,0,0.03053755858010095,0.01
0,0,0,0.25757253979022005,0.04
1,0,0,0.3558607809693027,0.31
0,0,0,0.437646051148408,0.16
0,0,0,0.04787226739454397,0.14
0,0,0,0.04379464390358452,0.11
0,0,0,0.010540177299585486,0.0
0,0,0,0.00011551322125210624,0.0
0,0,0,0.19106803003380626,0.11
0,0,0,0.07136624224448533,0.0
1,0,1,0.1882123366811787,0.59
0,0,0,0.03724083821137996,0.02
0,0,0,0.006195467181527917,0.06
1,1,1,0.6819133736982517,0.62
0,0,0,0.003594814993097021,0.03
0,0,0,0.04480918095675301,0.0
0,0,0,0.13718084663116775,0.0
0,0,0,0.05147012149337453,0.15
1,1,1,0.5573355337430236,0.74
0,0,0,0.08574507542079234,0.17
1,1,1,0.6013113810952235,0.61
0,0,0,0.00013715931822159906,0.0
0,0,0,0.08048166983153207,0.0
0,0,0,0.02422662853736253,0.09
1,1,1,0.7097338145065105,0.78
1,0,1,0.46976198933694857,0.71
0,0,0,0.034966543762786906,0.01
1,1,1,0.7058573201522818,0.71
0,0,0,0.1130404572456276,0.07
0,0,0,0.053841521817214195,0.05
0,0,0,0.13357693997114561,0.1
1,1,1,0.6426205511495368,0.85
1,1,1,0.5219074896054692,0.84
0,0,0,0.00016834145350781536,0.0
0,0,0,0.11805685980668612,0.16
0,0,0,0.006223251804787543,0.03
0,0,0,0.00043857252834734263,0.01
1,0,1,0.3115046102049183,0.63
1,0,1,0.0008777608548498789,0.6
0,0,0,0.03963239450826209,0.04
1,1,1,0.687786255959021,0.65
0,0,0,0.18386201978834776,0.07
0,0,0,0.14996518072663906,0.05
0,0,0,0.007030084735587526,0.05
0,0,0,0.008312056649991567,0.1
0,0,0,0.2340870526639127,0.13
0,0,0,0.038941349007924925,0.08
0,0,0,0.009668192547757625,0.0
0,0,0,0.21805798432578233,0.07
0,0,0,0.4685004197852448,0.13
0,0,0,0.020268034111193205,0.06
1,1,1,0.7102708922037103,0.69
1,0,1,0.08700267749494717,0.85
0,0,0,0.07802384610853005,0.0
0,0,0,0.0007626838128241529,0.02
0,0,0,0.18692080728691043,0.03
0,0,0,0.00825112206801885,0.02
0,0,0,0.44579255262095385,0.42
1,1,0,0.6530506460185526,0.47
0,0,0,0.0027821358470588504,0.0
0,0,0,0.19536151277429326,0.12
0,0,0,0.03085422393138588,0.0
0,0,0,0.13401926377851617,0.04
0,0,0,0.0501075716120353,0.04
0,0,0,0.015588569095594857,0.01
0,0,0,0.03331493121792634,0.02
0,0,0,0.004621575545140023,0.02
1,1,1,0.7982539091567797,0.8
0,0,0,0.0012180642206369122,0.01
0,0,0,0.18444230486225494,0.0
0,0,0,0.00942368926362071,0.1
0,0,0,0.04929526238697474,0.01
0,1,0,0.5321843967676302,0.39
0,0,0,0.48646333819424803,0.02
1,0,1,0.41862262559234387,0.72
1,0,1,0.1623213052622239,0.55
0,0,0,0.1797052840697854,0.02
0,0,0,0.0016854521785705156,0.01
0,0,0,0.018551731038429845,0.02
1,0,1,0.2193985335472303,0.71
0,0,0,0.34032565252282415,0.06
0,0,0,0.18526179134117987,0.22
0,0,0,0.04883748668517018,0.06
0,0,0,1.6816896120207963e-07,0.02
0,0,0,0.006170870797849394,0.02
1,0,0,0.3200228066343295,0.43
0,0,0,0.001823547936665155,0.01
1,0,0,0.27362326153137284,0.5
0,0,0,0.08891668925013423,0.03
1,0,1,0.43385951271622925,0.59
0,0,0,0.08996433110401778,0.07
0,0,0,0.39215267256524433,0.29
0,0,0,0.0250990965374141,0.02
0,0,0,0.17247015249215808,0.12
0,0,0,0.261449724749361,0.07
0,0,0,0.003515142927355229,0.01
0,0,0,0.0281017281273328,0.06
1,0,1,0.29721536896289635,0.79
0,0,0,0.010620300469835834,0.0
1,0,1,0.32912342776881176,0.71
1,0,0,0.02642725353900516,0.4
0,0,0,0.2544474501604992,0.02
0,0,0,0.46528824799621027,0.14
0,1,0,0.5196815134920103,0.22
0,0,0,0.06799226961725682,0.23
1,1,1,0.5053683701856155,0.65
0,0,0,0.014070546138524993,0.01
0,0,0,0.23863710594216705,0.27
1,1,1,0.7279390632918361,0.67
0,0,0,0.20339723114887068,0.04
1,0,0,0.26829253037090844,0.37
0,0,0,0.22843487366691498,0.09
0,0,0,0.015406653810076422,0.12
0,0,0,0.016245669477846173,0.04
0,0,0,0.046067774447511985,0.04
0,0,0,0.06874595105449288,0.09
0,0,0,0.12603769940647858,0.09
1,1,1,0.9037870979800651,0.87
1,1,1,0.7068236170776206,0.73
0,0,0,0.07337417281891077,0.02
1,1,1,0.725423944650956,0.78
0,0,0,0.037258150902403156,0.07
0,0,0,0.27950978714282854,0.15
0,0,0,0.23837550397458385,0.05
1,1,1,0.809192331815182,0.86
0,0,0,0.02671171446151404,0.01
0,0,0,0.21123008955593278,0.1
0,0,0,0.2941054059074408,0.2
0,0,0,0.4235251940630427,0.12
0,0,0,0.3467633796553884,0.15
0,0,0,0.0007410036159446566,0.02
0,0,0,0.0077933549123606295,0.01
1,1,1,0.8115928561629916,0.89
0,0,0,0.01049065583969491,0.05
1,0,0,0.1399096396439999,0.41
0,0,0,0.03204858635352918,0.06
0,0,0,0.007170699389270542,0.03
0,0,0,0.14135289384037691,0.14
0,0,0,0.3887304781620528,0.03
1,0,1,0.4271155174818366,0.65
0,0,0,0.02729195319247289,0.04
0,0,0,0.07551639465460164,0.02
0,0,0,0.2948627340689346,0.45
0,0,0,0.007014198349977233,0.01
0,0,0,0.006131360114591066,0.01
0,0,0,0.10961261829078475,0.2
0,0,0,0.001304763818257425,0.01
1,1,1,0.8545011184030876,0.8
0,0,0,0.12651973589276758,0.07
0,0,0,0.10921069173075887,0.1
0,0,0,0.08279070837399019,0.01
0,0,0,0.0053206272812860445,0.01
0,0,0,0.015559225400732358,0.03
1,0,1,0.04559658512500654,0.57
0,0,0,0.0013691213171248353,0.04
1,0,1,0.46256728322158763,0.82
0,0,0,0.11021572769815574,0.09
0,0,0,0.07122045838154616,0.0
0,0,0,0.3812257139715072,0.23
0,0,0,0.007576134998324054,0.05
0,0,0,0.031369149797438,0.02
0,0,0,0.002979385850954239,0.07
0,0,0,0.009561498804859942,0.04
0,0,0,0.11974861796080828,0.0
0,0,0,0.21901522032451745,0.1
0,0,0,0.14666739942472365,0.11
0,0,0,0.03383076473420232,0.14
0,0,0,0.41902929705534636,0.13
0,0,0,0.025100919001496674,0.2
0,0,0,0.26309164979418426,0.2
0,0,0,0.02206953776641021,0.0
0,0,0,0.441589645631548,0.23
1,0,1,0.3173721758021952,0.58
1,1,1,0.9810874188465104,0.76
0,0,0,0.08408491941199167,0.01
1,0,1,0.1493913424432886,0.76
0,0,0,0.0019425431009018222,0.01
0,0,0,0.08363831253527168,0.13
0,0,0,0.0004522361812043429,0.01
0,0,0,0.049447986813277056,0.03
0,0,0,0.044648682749863916,0.16
0,0,0,0.0019519047080600687,0.01
0,0,0,0.13143610364157757,0.06
0,0,0,0.025571032346075585,0.02
0,0,0,0.008721749615180407,0.04
0,0,0,0.04830649093797659,0.02
0,0,0,0.44916317041676185,0.08
0,0,0,0.005916728392030139,0.03
0,1,1,0.7241055006785381,0.53
1,0,0,0.3853956418170547,0.45
0,0,0,0.027758546974223277,0.03
0,0,0,0.12794471034049384,0.09
0,0,0,0.0010147636119641904,0.06
0,1,0,0.5443721774376608,0.08
1,1,1,0.7504437852921962,0.71
1,1,1,0.6684857381390779,0.78
0,0,0,0.0058395310193805295,0.04
0,0,0,0.06682122867459296,0.03
0,0,0,0.0016332615328185696,0.01
0,0,0,0.03360652765258805,0.03
0,0,0,0.011398476496373232,0.02
0,1,0,0.6228989248291028,0.28
0,0,0,0.028200126108528074,0.0
0,0,0,0.008875334447366363,0.01
0,0,0,0.003017194404723437,0.01
0,0,0,0.16494583507709468,0.08
0,0,0,0.03570590534425378,0.0
0,0,0,0.008036269019164712,0.01
0,0,0,0.0011271254583505074,0.06
1,0,1,0.18572145205158672,0.7
0,0,0,0.031945856195695906,0.0
0,0,0,0.0779803442542143,0.02
0,0,0,0.00022929374460554008,0.01
0,0,0,0.04299500861794506,0.0
0,0,0,0.01143592508076707,0.02
0,0,0,0.08000235714903033,0.01
0,0,0,0.0025421395479297802,0.02
0,0,0,0.38814951785011387,0.08
0,0,0,0.02314985918202156,0.01
0,0,0,0.047593886026616246,0.03
0,0,0,0.044723995916992255,0.06
0,0,0,0.2596779989658301,0.02
1,0,1,0.3498782551712137,0.66
0,0,0,0.20504830881812114,0.13
0,0,0,0.0034051917063810102,0.01
0,0,0,0.032421790424016286,0.08
1,1,1,0.5622235652649861,0.78
0,1,0,0.5938004259920748,0.4
0,0,0,0.07776584165899823,0.04
0,0,0,0.0839577214407311,0.11
1,0,1,0.37653652727832015,0.59
0,0,0,0.022318389738320357,0.0
0,0,0,0.3240574666994223,0.11
0,0,0,0.019401892100626487,0.09
0,0,0,0.07219532045812672,0.22
1,1,1,0.5386663057677116,0.52
0,0,0,0.4081561285804974,0.1
0,0,0,0.006191328648307067,0.03
0,0,0,0.04370580541488572,0.02
0,0,0,0.15201648101227075,0.17
0,0,0,0.11678929996872049,0.25
0,0,0,0.0268731088431651,0.06
0,0,0,0.08250269324466145,0.08
1,0,1,0.001477392427243162,0.55
0,0,0,0.07102923205129799,0.05
0,0,0,0.025832081364944103,0.09
0,0,0,0.006460178715082619,0.02
0,0,0,0.10043077084333935,0.26
0,0,0,0.06260429643896451,0.06
0,0,0,0.03126005309917652,0.02
1,0,1,0.4241519013421081,0.68
0,0,0,0.11152191848604308,0.03
0,0,0,0.24687102954904871,0.18
0,0,0,0.006571260873279817,0.01
0,0,0,0.19094924544470307,0.12
0,0,0,0.2036593210857293,0.13
0,0,0,0.022870890933838827,0.07
0,0,0,0.07511021343596701,0.14
0,0,0,0.08647370656547684,0.26
0,1,0,0.7233493053047553,0.41
0,0,0,0.006123610483294624,0.0
1,0,0,0.169978327810291,0.49
1,1,1,0.8311514105100346,0.57
0,0,0,0.013720626506679897,0.01
0,0,0,0.04396395476544104,0.06
0,0,0,0.06907378402762905,0.02
0,0,0,0.0010376362387765523,0.08
0,1,0,0.516613238457589,0.14
0,0,0,0.028238245042966795,0.05
0,1,0,0.7888745192210901,0.21
0,0,0,0.017310627955576193,0.01
0,0,0,0.017374862696663895,0.03
0,0,0,0.4420380883916601,0.04
1,1,1,0.8263701335002754,0.73
0,0,0,0.042369705721050116,0.04
0,0,1,0.34422975355618946,0.52
0,0,0,0.20724478305352195,0.06
0,0,0,6.334096439399633e-05,0.0
0,0,0,0.3925847616557776,0.1
0,0,0,0.00011380757711819604,0.01
0,0,0,0.01088013749111889,0.01
0,0,0,0.22290124927009694,0.31
1,0,0,0.014739924862209338,0.37
0,0,0,0.04630220162063835,0.0
0,0,0,0.16079760954429453,0.46
0,0,0,0.02962019788140458,0.09
0,0,0,0.28144556405722104,0.28
0,0,0,0.009841529695803158,0.02
0,0,0,0.10802290315298614,0.04
0,0,0,0.0005012577425133234,0.0
0,0,0,0.005243830200651506,0.04
0,0,1,0.39701026077812995,0.51
1,0,0,0.39619758323230253,0.49
0,0,0,0.21105379359890258,0.18
0,0,0,0.006625096522648659,0.04
0,0,0,0.0623883143249229,0.02
0,0,0,0.0015942338996442725,0.02
0,0,0,0.024647859213365184,0.02
0,0,0,0.008985197989535187,0.03
0,0,0,0.2472564605842965,0.21
0,0,0,0.1165500196504305,0.01
0,0,0,0.003370849689913111,0.01
0,0,0,0.03749489203636214,0.03
0,0,0,0.014313467201469986,0.05
0,0,0,0.002784836910129722,0.0
0,0,0,0.12903597021962374,0.1
1,1,1,0.6893175518493085,0.62
0,0,0,0.022308244334154827,0.13
0,0,0,0.030925203839788862,0.0
0,0,0,0.01979754079158992,0.01
1,0,0,0.34060782397668116,0.39
0,0,0,0.015868605092401983,0.02
0,0,0,0.044528322679512164,0.06
0,0,0,0.014158989811958924,0.02
1,1,1,0.6601128181082707,0.52
0,0,0,0.011054877465701274,0.23
0,0,0,0.08191794443145228,0.03
0,0,0,0.030557394913598268,0.0
0,0,0,0.4004632794181364,0.2
0,0,0,0.04736956202220803,0.02
0,0,0,0.002076499596489618,0.03
0,0,0,0.10949900573147535,0.13
0,0,0,0.014301342228010789,0.02
0,0,0,0.027676667877031068,0.1
0,0,0,0.0005363367275871836,0.01
1,0,0,0.37384483611270264,0.47
0,0,0,0.008729050010238189,0.02
0,0,0,0.08371673468049598,0.03
0,0,0,3.141346949462086e-06,0.03
0,0,0,0.007665275209232603,0.04
1,1,1,0.827112755518503,0.76
0,1,0,0.5588627257628471,0.36
0,0,0,0.0975725386110649,0.11
1,1,1,0.6112972124641448,0.74
0,0,0,0.09143860403228367,0.08
0,0,0,0.04258328016404543,0.0
0,0,0,0.028845851165873713,0.02
0,0,0,0.002083193692882259,0.03
0,0,0,0.1599728128597318,0.11
0,0,0,0.006813250118564514,0.05
1,0,0,0.027660912291428287,0.46
0,0,0,0.2322880515590842,0.05
0,0,0,0.009322208686172557,0.0
1,1,1,0.9454026149507098,0.95
0,0,0,0.16676438852469277,0.1
0,0,0,0.39359432257707755,0.26
0,0,0,0.27203012748894584,0.26
0,0,0,0.009124441292367171,0.0
1,0,0,0.03963709897127959,0.47
0,0,0,0.05949507685419989,0.01
0,0,0,0.0030132296792783537,0.01
0,0,0,0.18916381258694123,0.07
0,0,0,0.3719078291917205,0.35
0,0,0,0.04683452616024601,0.03
0,0,0,0.049857451207508556,0.08
0,0,0,0.0525899245329401,0.14
0,0,0,0.000472743100760179,0.02
1,1,1,0.9398246621384965,0.89
1,0,1,0.2862220862870093,0.66
0,0,0,0.08534020803682217,0.01
0,0,0,0.35551532120829493,0.1
0,0,0,0.03421381387163674,0.03
0,0,0,0.0036970781306091016,0.01
0,0,0,0.0054176109994790705,0.02
0,0,0,0.06619801170447265,0.02
0,0,0,0.03127426677281264,0.08
1,1,1,0.9241263852987415,0.85
0,0,0,0.1723927984711314,0.18
1,1,1,0.5309847918139389,0.71
0,0,0,0.021788698254498036,0.0
0,0,0,0.010951518532997199,0.01
0,0,0,0.009497049289615032,0.05
0,0,0,0.0030075081882848477,0.05
0,0,0,0.12262209623593248,0.11
0,0,0,0.00896738278543526,0.07
0,0,0,0.022585358765023336,0.0
0,0,0,0.005410373483617083,0.0
0,0,0,0.007075161989201228,0.02
0,0,0,0.0180305406621259,0.0
0,0,0,0.003319947186875723,0.02
0,0,0,0.02866542159888894,0.07
0,0,0,0.05463644716998244,0.1
1,1,1,0.6337094151090542,0.87
0,0,0,0.0011893319596522976,0.05
1,0,1,0.39759142736570563,0.62
0,0,0,0.051189015204057775,0.11
0,0,0,0.02222399842315425,0.05
0,0,0,0.2958831947834279,0.16
0,0,0,0.016915434871250096,0.02
0,0,0,0.2113581804242079,0.18
0,0,0,0.17683618458163686,0.06
0,0,0,0.005546756004219085,0.02
0,0,0,0.0857715158112246,0.0
0,0,0,0.006448582381435402,0.01
0,1,1,0.7453845384097356,0.56
0,0,0,0.004749503893579248,0.03
0,0,0,0.07217762761279559,0.08
0,0,0,0.0001681792095711641,0.0
0,0,0,0.021790627628902784,0.01
0,0,0,0.00826202186255912,0.02
0,1,1,0.6973682765622835,0.56
0,0,0,0.0014429640236830318,0.05
1,1,1,0.5313934915549268,0.53
0,0,0,0.0011226129314696725,0.01
0,0,0,0.016527864676952376,0.03
0,0,0,0.02067704636065546,0.03
0,0,0,0.00013047531124080726,0.02
0,0,0,0.0041123710175687755,0.01
0,0,0,0.025945873251703465,0.01
0,0,0,0.005389644436299302,0.01
0,0,0,0.12799367137160697,0.03
0,0,0,0.046416530342795755,0.09
0,0,0,0.018181001054167617,0.04
0,0,0,0.0006398629984780825,0.02
0,0,0,0.36272107625655925,0.18
0,0,0,0.0007440127718861229,0.03
0,0,0,0.03163935402448721,0.15
0,0,0,0.2595021815739149,0.14
0,0,0,0.006162448291134438,0.0
0,0,0,0.2647849780164962,0.13
1,1,1,0.7552382310174613,0.86
0,0,0,0.0005489037719321686,0.03
0,0,0,0.028009033755550902,0.03
0,0,0,0.10088655212606226,0.02
0,0,0,0.022196961624574966,0.03
0,0,0,0.1036711928052986,0.05
1,1,1,0.9133133659864,0.92
0,0,0,0.004567474046534252,0.05
0,0,0,0.026223224446552115,0.08
0,0,0,0.012250257311207482,0.07
0,0,0,0.03425260840604838,0.05
0,0,0,0.017827134020021368,0.06
0,0,0,0.05823609044592513,0.03
0,0,0,0.23875334956122293,0.13
0,0,0,0.081079665111051,0.02
0,1,0,0.6275204218404188,0.09
1,1,1,0.7871517293289065,0.83
0,0,0,0.1395345218420133,0.06
0,0,0,0.02381978796197215,0.01
0,1,0,0.9162306804325964,0.28
0,0,0,0.16554868628746344,0.35
1,0,1,0.36261117363138884,0.61
0,0,0,0.019749249260304386,0.04
0,0,0,0.005275682156745681,0.06
0,0,0,0.007244226447129881,0.07
1,0,1,0.05438569717119573,0.55
0,0,0,0.023698053083842045,0.05
0,0,0,0.00036477017941425303,0.07
0,1,0,0.5483797004644364,0.14
0,0,0,0.006431444317474629,0.01
0,0,0,0.0026436760730643607,0.01
0,0,0,0.0006331290753142772,0.0
0,0,0,0.05992230275397428,0.06
0,0,0,0.36384201740002864,0.25
0,0,0,0.002354620511070481,0.06
0,0,0,0.0578097290565928,0.01
0,0,0,0.018276640387208096,0.02
1,1,1,0.6405968641624837,0.6
1,1,1,0.9530928631016643,0.96
0,0,0,0.17623169526920712,0.35
0,0,0,0.44142949420208505,0.15
0,0,0,0.16575577798461255,0.1
0,0,0,0.00941755292419902,0.02
0,0,0,0.027436013196245182,0.06
0,0,0,0.03407052951473287,0.03
0,1,0,0.8785187686373986,0.48
0,0,0,0.20191393800019006,0.08
0,0,0,0.0028105134141109987,0.04
1,1,1,0.5097163150621934,0.53
0,0,0,0.31137557182014897,0.04
0,0,0,0.038012333153352805,0.09
0,0,0,0.09785487803650322,0.17
1,0,0,0.4563279164586415,0.36
0,0,0,0.0023029847879336225,0.02
0,0,0,0.023245139135736982,0.11
0,0,0,0.011410203192342688,0.05
0,0,0,0.004307995362903938,0.02
0,0,1,0.3390815344851896,0.54
0,0,0,0.046794308573480034,0.2
0,0,0,0.041284439175440245,0.17
0,0,0,0.07394802245100972,0.06
0,0,0,0.0917984581449809,0.08
0,0,0,0.46421072862791385,0.38
0,0,0,0.004449547335693982,0.05
0,0,0,0.3202441583586219,0.3
0,0,0,0.06024650343509117,0.08
1,0,1,0.19329131776564223,0.85
1,0,1,0.4398795920785747,0.65
0,0,0,0.0009142380545370819,0.01
0,0,0,4.6399358183585847e-05,0.0
0,0,0,0.001305622008671288,0.06
0,0,0,0.01664900229471201,0.04
0,0,0,0.002623816438495779,0.01
0,0,0,0.16505105878623563,0.04
0,0,0,0.0021022709540804733,0.03
1,1,1,0.6042330795935246,0.68
0,0,0,0.06320735182321177,0.03
0,0,0,0.0023262181949746242,0.04
0,0,0,0.005349456055194895,0.03
1,1,1,0.8081991747831753,0.85
0,0,0,0.006658985721269121,0.06
0,0,0,0.4632896827452594,0.09
0,0,0,0.007769960798746621,0.02
0,0,0,0.057225900600771706,0.07
0,0,0,0.01018106177145471,0.0
0,0,0,0.010027305905970289,0.09
0,0,0,0.014783757159946061,0.01
0,0,0,0.07233814451027487,0.01
0,0,0,0.03222834318845119,0.02
0,0,0,0.02484311923938186,0.0
0,0,0,0.01533956115309732,0.02
0,0,0,0.007003392588837262,0.03
0,0,0,0.08225478959538099,0.16
1,1,1,0.5844908839159869,0.7
1,0,0,0.05632445548335765,0.4
0,0,0,0.039674308722131624,0.0
0,0,0,0.21111293033099482,0.08
0,0,0,0.2095942978590447,0.14
0,0,0,0.0736761887051429,0.15
0,0,0,0.05987411332003202,0.04
0,0,0,0.013252474050002372,0.09
0,0,0,0.09936804849288973,0.05
0,0,0,0.005252246478610062,0.03
0,0,0,0.005333131180853523,0.02
0,0,0,0.09085607661752747,0.02
1,1,1,0.7920793028158367,0.84
0,0,0,0.380961881691328,0.15
0,0,0,0.029640905563284862,0.04
0,0,0,0.0032590791219892393,0.04
0,0,0,0.38615393647191043,0.05
0,1,0,0.5209728152921022,0.12
0,0,0,0.19744838787310268,0.07
0,0,0,0.014123885209330259,0.01
1,1,1,0.9427693561128927,0.75
0,0,0,0.0006458658391826266,0.0
0,0,0,0.13955035708037133,0.06
0,0,0,0.004822721472343852,0.02
0,0,0,0.03548934543478516,0.11
0,0,0,0.43217384771183975,0.16
0,0,0,0.07251835691963113,0.07
1,1,1,0.667338869770516,0.55
0,0,0,0.0005212481745379866,0.0
0,0,0,0.003948199143735851,0.01
0,0,0,0.012279088177783861,0.04
0,0,0,0.0019727001352929595,0.03
0,0,0,0.034619457062088285,0.04
0,0,0,0.004015604748315408,0.09
1,1,1,0.6168700852975448,0.79
0,0,0,0.05775664030635713,0.0
0,0,0,0.1272598838031969,0.06
1,0,0,0.25779049359001516,0.49
0,0,0,0.009983787302011587,0.03
1,0,1,0.3835823409573904,0.6
0,0,0,0.0035527551197745057,0.01
0,0,0,0.26974239944041617,0.04
0,0,0,0.19933971481162496,0.32
0,0,0,0.058560232023162656,0.21
1,0,1,0.4857542810881171,0.65
1,0,1,0.4663721069140399,0.72
0,0,0,0.23096798092526413,0.22
0,0,0,0.06507394187922787,0.02
0,0,0,0.14907001942056336,0.05
0,0,0,0.41340386830567544,0.31
0,0,0,0.012048598525366265,0.01
0,0,0,0.002130978724850141,0.03
0,0,0,0.02326489793521749,0.03
0,0,0,0.001248908161967993,0.01
0,0,0,0.41976865506112804,0.15
0,0,0,0.059700231308929604,0.03
0,0,0,0.0010588655150978702,0.04
0,0,0,0.012764252442400413,0.17
1,1,1,0.7810708209471362,0.8
0,0,0,0.06535075114410249,0.03
0,0,0,0.008132612577809789,0.0
1,1,1,0.8555068533129694,0.57
0,0,0,0.001978758780561671,0.05
0,0,0,0.027724967990498464,0.01
1,1,0,0.6915991950853125,0.49
0,0,0,0.00120738106104446,0.06
0,0,0,0.0644108621327289,0.09
1,0,1,0.0060175114060222225,0.51
0,0,0,0.01966819299030993,0.11
0,0,0,0.15608620395630124,0.09
0,0,0,0.00420493679452778,0.07
1,1,1,0.8645306136336316,0.8
0,0,0,0.27882524899078487,0.09
0,0,0,0.23051077936325148,0.25
0,0,0,0.00038073647274939704,0.02
0,0,0,0.2661662724410783,0.06
0,0,0,0.10671517603921395,0.01
1,1,1,0.6777492258683223,0.85
0,0,0,0.022926491275719225,0.03
0,0,0,0.06192106453086678,0.03
0,0,0,0.02771019002949535,0.08
1,0,1,0.137154703474567,0.68
1,1,1,0.7346572459210617,0.64
0,0,0,0.007587656936230347,0.0
1,0,0,0.4925659803605436,0.35
0,0,0,0.06713540459303097,0.04
1,1,1,0.6677966804125829,0.72
0,0,0,0.4584398184016161,0.12
0,0,0,0.02840780626783612,0.01
0,0,0,0.0034089059983045886,0.03
0,0,0,0.41356520292459414,0.08
0,0,0,0.14841104566540322,0.13
1,0,1,0.44038962304507556,0.71
0,0,0,0.0005484547012904444,0.0
0,0,0,0.030846220092292126,0.0
0,0,0,0.0005962935082232374,0.07
0,0,0,0.07091086215539324,0.15
0,0,0,0.0046458470306118115,0.04
0,0,0,0.012900041316149753,0.01
0,0,0,0.13023416419222203,0.16
0,0,0,0.011893448700072046,0.02
0,0,0,0.04635786950700306,0.04
0,0,0,0.314313951813778,0.24
1,1,1,0.689967409220247,0.67
0,0,0,0.005522815328096304,0.03
0,0,0,0.016030790041445163,0.09
0,0,0,0.08188789555837134,0.1
0,0,0,0.0075557392923967575,0.02
0,0,0,0.001821283254940287,0.05
0,0,0,0.06831727507556373,0.08
1,1,1,0.8831918484740177,0.65
0,0,0,0.10146948404881646,0.01
1,1,1,0.8770496033568661,0.87
0,0,0,0.004004006487937226,0.07
1,1,1,0.5019468358926162,0.81
0,0,0,0.46024070771285464,0.07
1,0,1,0.4670706632139866,0.73
0,0,0,0.2676928800477085,0.4
0,0,0,0.45068736121192626,0.34
1,0,0,0.2015190016129037,0.38
0,0,0,0.0163564980823751,0.06
0,0,0,0.32284350792476546,0.05
0,0,0,0.004712160174423625,0.01
0,0,0,0.036784496767782934,0.0
0,0,0,0.23579159325108012,0.06
0,0,0,0.07989620546392108,0.06
1,0,1,0.14486328453057845,0.8
0,0,0,0.4195444152929938,0.32
0,0,0,0.08418232981176396,0.02
1,0,0,0.0403542204428319,0.46
0,0,0,0.005579949820870838,0.0
0,0,0,0.015022159113591754,0.01
0,0,0,0.27450734216668626,0.03
0,0,0,0.0008105720879091876,0.03
0,0,0,0.14705667491710925,0.06
0,0,0,0.05580528427351583,0.03
0,0,0,0.010370435372681824,0.0
0,0,0,0.00045162408246691716,0.0
1,1,1,0.8792396577764,0.8
0,0,0,0.0534024019741669,0.0
1,1,1,0.7572702485036589,0.59
1,1,1,0.7908331141712786,0.75
1,1,1,0.5842902129850523,0.62
0,0,0,0.059463349420376704,0.04
0,0,0,0.0002892022969059514,0.01
0,0,0,0.09332036270990436,0.07
0,0,0,0.007446624991484038,0.03
0,0,0,0.04579844119327934,0.0
1,0,1,0.04730860102199677,0.56
0,0,0,0.04509767719885066,0.02
0,0,0,0.030881940255457315,0.1
0,0,0,0.19313596124033844,0.16
0,0,0,0.4767423355401687,0.11
0,0,0,0.1278255256154946,0.04
0,0,0,0.13315793436578743,0.02
0,0,0,0.042288984446114994,0.1
0,0,0,0.29231308349336677,0.08
0,0,0,0.07679082228262131,0.04
0,0,0,0.002775918215633037,0.03
1,0,0,0.07853455451603848,0.43
0,1,0,0.7065896263297211,0.4
1,0,1,0.08428324947487738,0.75
0,0,0,0.031141412381436293,0.0
0,0,0,0.16029418002322057,0.05
0,0,0,0.0008631182141815253,0.03
0,0,0,0.17501599080741606,0.32
0,0,0,0.020071764020036482,0.12
0,0,0,0.26701238237322455,0.02
0,0,0,0.02676071552981775,0.08
0,0,0,0.0022058407449332606,0.0
0,0,0,0.019597442991916094,0.08
0,0,0,0.0001442182237045166,0.01
0,0,0,0.20027279750243293,0.24
0,0,0,0.007525589126257654,0.02
0,0,0,0.009538197155230832,0.0
1,1,1,0.7125423194910044,0.62
0,0,0,0.025564963972266125,0.02
1,1,1,0.5131392298959133,0.65
0,0,0,0.02163408560372004,0.02
0,0,0,0.04222971215591153,0.01
0,0,0,0.0728457192928386,0.05
0,0,0,0.009948436115421256,0.01
0,0,0,0.1795674258331598,0.03
0,0,0,0.10854509975298021,0.05
0,0,0,0.17371210103235335,0.12
0,0,0,0.0006347165595791854,0.03
0,0,0,0.044989921938372625,0.1
0,0,0,0.08478494748040177,0.0
0,0,0,0.029517805766313264,0.1
0,0,0,0.02543396760806991,0.12
0,1,0,0.8111211543834571,0.45
0,0,0,0.005579743765115019,0.06
1,0,1,0.41141401335852806,0.68
0,0,0,0.052207930654181965,0.0
0,0,0,0.03314824260353066,0.0
0,0,0,0.0007604259700195526,0.03
0,0,0,0.0018960084355323507,0.01
0,0,0,0.02466365143295067,0.09
0,0,0,0.0160681261085699,0.04
0,0,0,0.002185356780423411,0.01
0,0,0,0.1296691749842167,0.08
1,1,1,0.8458677016104454,0.89
0,0,0,0.01395273225568928,0.11
0,0,0,0.039849907716876354,0.01
0,1,0,0.6895035493946902,0.15
0,0,0,0.01837066795251272,0.05
0,0,0,0.06378909059798726,0.11
0,0,0,0.021601925472635643,0.01
0,0,0,0.024877107408710155,0.04
0,0,0,0.0005406594791953526,0.0
0,0,0,0.0022106680770780907,0.06
0,1,0,0.5823883093634966,0.48
0,0,0,0.009975821656653762,0.04
0,0,0,0.16152011765631782,0.07
1,1,1,0.7275492551894505,0.73
0,0,0,0.31510489220541904,0.17
0,0,0,0.020345400047859383,0.03
0,0,0,0.022598837239424536,0.02
0,1,0,0.5273271958477417,0.26
0,0,0,0.06104873908597066,0.1
0,0,0,0.04968805689595407,0.02
0,0,0,0.022120149532802724,0.05
0,1,0,0.5943062550336277,0.18
0,0,0,0.01708215539580719,0.08
0,0,0,0.09501950434551319,0.2
0,0,0,0.017584078525050593,0.0
1,1,1,0.5943564247786246,0.82
0,0,0,0.019313807089826242,0.01
0,0,0,0.008343728662340117,0.03
0,0,0,0.0037835588770859653,0.01
0,0,0,0.01610989882737467,0.02
1,0,1,0.19722032100625467,0.69
0,0,0,0.024734040224306985,0.03
0,0,0,0.011317390322875919,0.02
0,0,0,0.00776434557315666,0.05
0,0,0,0.008446339806940614,0.0
0,0,0,0.20991659881417696,0.07
0,0,0,0.017716713677490687,0.05
0,0,0,0.021878952395829324,0.02
0,0,0,0.40402075670029,0.27
0,0,0,0.0004991765792558442,0.01
0,0,0,0.021162538447547424,0.04
0,0,0,0.015706235089944596,0.03
0,0,0,0.022491768903217413,0.07
0,0,0,0.08248212571902527,0.03
0,0,0,0.021837564916114573,0.03
0,0,0,0.03998236758916621,0.04
0,0,0,0.2771644090729849,0.06
0,0,0,0.005764007378197312,0.09
1,0,0,0.42097107544989104,0.39
0,0,0,0.1289828566550209,0.05
0,0,0,0.020196209326490182,0.03
0,0,0,0.010396376742579724,0.01
1,1,1,0.7123841130526433,0.81
0,0,0,0.0021066322409112343,0.01
1,0,1,0.49287715195979603,0.76
0,0,0,0.10922451416679697,0.14
0,0,0,0.00824208318850347,0.04
0,0,0,0.043335212034431095,0.07
0,0,0,0.12574832740951267,0.06
0,0,0,0.4641470068888045,0.35
1,1,1,0.8434107510511935,0.87
0,0,0,0.10510055844411664,0.1
0,0,0,0.27299478038453806,0.06
1,0,0,0.008339553493148622,0.39
0,0,0,0.013847324608949777,0.01
0,1,0,0.5138745615167714,0.32
0,0,0,0.476431780428185,0.14
0,0,0,0.0974451860941577,0.03
0,0,0,0.10748042943604565,0.07
1,1,1,0.5497393095584103,0.73
0,0,0,0.20745048569060467,0.13
0,0,0,0.18150586494311877,0.05
1,1,1,0.599061217857227,0.78
0,0,0,0.032391241812130565,0.15
0,0,0,0.000972559519734163,0.01
0,0,0,0.04121160051008271,0.02
0,0,0,0.05763728384588727,0.02
0,1,0,0.5007118208936765,0.2
0,0,0,0.18673167172537472,0.05
0,0,0,0.007287173402156659,0.03
0,0,0,0.0005730575410687565,0.15
0,0,0,0.22801385949284408,0.08
0,0,0,0.2527236780296779,0.15
0,0,0,0.4759464693343156,0.37
1,1,1,0.8266477456716289,0.62
1,0,1,0.2137217139280898,0.77
1,1,1,0.7621609323230075,0.82
0,0,0,0.008584060499282644,0.04
0,0,0,0.009174364832615373,0.07
1,0,1,0.3754906124202088,0.75
0,0,0,0.00325441218422804,0.02
0,0,0,0.22508818507987677,0.12
0,0,0,0.08734636212709275,0.02
0,0,0,0.10015707969897078,0.05
0,0,0,0.19977787143730855,0.09
0,0,0,0.03298924849263175,0.03
0,0,0,0.029880242570266044,0.01
1,0,0,0.27316256808047445,0.42
0,0,0,0.07540767589533194,0.01
0,0,0,0.15269515486898325,0.08
1,0,0,0.01580090861720974,0.47
0,0,0,0.21156577064590348,0.27
0,0,0,0.08012234766859115,0.1
0,0,0,0.027173825374029324,0.04
0,1,0,0.5675461914109913,0.13
0,0,0,0.11487102764253122,0.04
0,0,0,0.28272285664522795,0.04
0,0,0,0.04564635574437898,0.04
1,0,1,0.16583653555438876,0.6
0,0,0,0.14178880138996763,0.09
0,0,0,0.12040172097261732,0.16
0,1,0,0.612125664425477,0.09
0,0,0,0.1727018553564286,0.1
0,0,0,0.0018193669409610825,0.0
0,0,0,0.04181990062991445,0.03
0,0,0,0.05212828347127001,0.06
0,0,0,0.040134965657938546,0.05
0,0,0,0.07712938242159606,0.38
0,0,0,0.0004923972561975488,0.0
0,0,0,0.41277766270599753,0.04
0,0,0,0.01528229358401819,0.0
0,0,0,5.57563651711407e-05,0.02
0,0,0,0.018002582500041987,0.01
0,0,0,0.15416111979032399,0.12
0,0,0,0.007782604827812653,0.01
0,0,0,0.022222728758640307,0.01
0,0,0,0.04544543978788694,0.0
0,0,0,0.05480016735358086,0.01
1,1,1,0.6593691679150337,0.74
0,0,0,0.06316528201613705,0.07
1,1,1,0.6268413691487552,0.58
0,0,0,0.004798953327831609,0.04
0,0,0,0.005024477521681915,0.03
0,0,0,0.10512240246517006,0.04
1,0,1,0.30711398983420507,0.65
1,0,0,0.37048629754378387,0.5
0,0,0,0.02217894106188202,0.0
0,0,0,0.288239161382645,0.02
0,0,0,0.002126487722775678,0.03
0,0,0,0.008219616785518963,0.0
0,0,0,0.17253415309319642,0.01
0,0,0,0.08618914112034164,0.05
1,1,1,0.7189057110787793,0.82
1,1,1,0.7415919829558034,0.66
0,0,0,0.026034631995088556,0.16
0,0,0,0.0037657540444557373,0.04
0,0,0,0.1943538198954839,0.11
0,0,0,0.004365098730027234,0.0
0,0,0,0.3095809443860406,0.4
1,0,1,0.012875343241362483,0.56
0,0,0,0.0017231385493312493,0.04
1,0,1,0.3969367456262316,0.6
0,0,0,0.06522126800488602,0.09
1,1,1,0.761293153897762,0.84
0,1,0,0.5173766544570729,0.05
0,0,0,0.02488617859883126,0.08
0,0,0,0.11142861031826436,0.17
0,0,0,0.04959400178746603,0.05
1,1,1,0.6156933508142326,0.9
1,0,0,0.2595497606929429,0.31
1,1,1,0.853812017333487,0.92
0,0,0,0.048275945222579136,0.04
0,0,0,0.20727550819397386,0.14
0,0,0,0.006514232391356427,0.03
0,0,0,0.25590853427110866,0.1
0,0,0,0.05662613708205034,0.12
0,0,0,0.12267586151182366,0.04
0,0,0,0.022259467216492988,0.18
1,0,1,0.44890238234331903,0.64
0,0,0,0.005385892848415174,0.0
0,0,0,0.03346308638442364,0.14
0,0,0,0.04967616588479882,0.01
0,0,0,0.06135444788717592,0.02
0,0,0,0.12939689262803056,0.15
0,0,0,0.049125665624578395,0.04
0,0,0,0.47981167328359975,0.15
0,0,0,0.13411664684461466,0.17
0,0,0,0.05896328227274193,0.04
0,0,0,0.10560841398875359,0.06
0,0,0,0.0009227923482131815,0.02
0,0,0,0.46230685358555307,0.11
1,0,1,0.014212416600606423,0.51
0,0,0,0.03948249851811101,0.08
0,0,0,0.018630046002443192,0.04
0,0,0,0.012778148895786243,0.09
1,0,0,0.36017996118778955,0.49
0,0,0,0.0333726140933734,0.04
1,1,1,0.9219154529507524,0.78
0,0,0,0.06881457520452487,0.05
1,1,1,0.7753745482158129,0.66
0,0,0,0.13704720376074744,0.08
1,0,1,0.4396456468482095,0.8
0,0,0,0.0014992208234595177,0.02
0,0,0,0.0007969500184041977,0.02
0,0,0,0.025173821164384668,0.1
0,0,0,0.0889093046904411,0.09
0,0,0,0.07983601365924413,0.04
0,0,0,0.005828208686287832,0.07
0,0,0,0.0016899450237359151,0.04
0,0,0,0.06993399132067889,0.11
1,0,1,0.0570218257675857,0.57
0,0,0,0.016895616935363202,0.05
0,0,0,0.05631021626284109,0.04
0,0,0,0.0009206426275690546,0.01
0,0,0,0.17049915137455063,0.12
0,0,0,0.007034654601969642,0.04
0,0,0,0.046700052725737615,0.03
0,0,0,0.01822811108529615,0.05
0,0,0,0.40767859740585083,0.47
0,0,0,0.45192611823494294,0.26
0,0,0,0.04423404662576048,0.05
0,0,0,0.0007806896237741508,0.0
0,0,0,0.39711977470934023,0.14
0,0,0,0.0004554951808469994,0.09
0,0,0,0.08584544934906572,0.11
0,0,0,0.0008964599040725675,0.01
1,0,0,0.32339867130036637,0.47
0,0,0,0.02702486432222104,0.04
0,0,0,0.05660755125952698,0.01
0,1,0,0.5239177728173018,0.04
0,0,0,0.00041790109411582715,0.02
0,0,0,0.005662911077166849,0.03
0,0,0,0.05199064117834646,0.03
1,1,1,0.6709676662155963,0.68
0,0,0,0.02674523747176648,0.04
0,0,0,0.1535719829369168,0.06
0,1,0,0.7098336340676653,0.17
1,1,1,0.9436668295533651,0.83
0,0,0,0.21691483941075904,0.07
0,0,0,0.09773600172786792,0.13
0,0,0,0.06848138854388931,0.05
0,0,0,0.0014519766430263028,0.02
0,0,0,0.011401095356259015,0.05
0,0,0,0.3984147918942223,0.08
0,0,0,0.005237554967517882,0.0
0,0,0,0.0180013636140826,0.02
0,0,0,0.0003516741838580427,0.05
0,0,0,0.060480193037375084,0.04
0,0,0,0.3147985457872807,0.1
1,0,1,0.48698120701826136,0.78
0,0,0,0.04647120504382686,0.06
0,0,0,0.0004219838698098318,0.0
0,0,0,0.022853899092494148,0.08
1,0,1,0.14482953146963584,0.77
0,0,0,0.006690830888344241,0.07
1,0,1,0.2745309527523956,0.55
0,0,0,0.1718030213918036,0.11
0,0,0,0.07469391057417867,0.09
1,0,0,0.17738845363078912,0.5
0,0,0,0.11586989855635174,0.05
0,0,0,0.32164058445400234,0.19
0,0,0,0.040880351589347746,0.02
0,0,0,0.2985592385153495,0.26
1,1,1,0.7034018857759184,0.76
0,0,0,0.016600215119797274,0.02
0,0,0,0.01596154203843583,0.0
0,0,0,0.003199569217076199,0.0
0,0,0,0.24533864224660853,0.01
0,0,0,0.0014469719400005262,0.02
0,0,0,0.2541486147510601,0.08
0,0,0,0.24426918567147946,0.1
0,0,0,0.10961684302365056,0.17
1,0,0,0.008349855542804785,0.42
0,0,0,0.1550570676004733,0.01
0,0,0,0.0036221002133192217,0.02
0,0,0,0.24505474703245766,0.14
0,0,0,0.12098535057981033,0.02
0,0,0,0.009415038306551276,0.02
0,0,0,0.011689648693170226,0.04
1,1,1,0.8675514332535789,0.75
0,0,0,0.004698025550102477,0.03
1,1,1,0.6351050606901881,0.85
1,0,0,0.15637611117197586,0.5
1,1,1,0.9130548871080854,0.89
0,0,0,0.02125836073734556,0.08
0,0,0,0.02181072427531231,0.02
0,0,0,0.053741527104122014,0.01
0,0,0,0.472348730358772,0.13
0,0,0,0.10317350748688128,0.15
0,0,0,0.0006928931206719292,0.02
1,0,1,0.44282909159187117,0.51
0,0,0,0.026864284490631052,0.04
0,0,0,0.03494879616523613,0.0
0,0,0,0.2001104637549707,0.08
0,0,0,0.001971612971126286,0.02
0,0,0,0.05810220575644631,0.01
0,0,0,0.03356276548380372,0.02
0,0,0,0.2544515727882793,0.07
0,0,0,0.0037903262046558436,0.0
0,0,0,0.04739992642777912,0.05
0,1,0,0.7572912199627779,0.06
0,0,0,0.20732151605093074,0.15
0,0,0,0.00844552374874981,0.03
0,0,0,0.11463910177405294,0.06
1,1,1,0.9291648841093353,0.84
0,0,0,0.09296714721183141,0.06
0,0,0,0.3645484868748596,0.04
0,0,0,0.0011423091215429291,0.01
1,0,1,0.1304502468576129,0.75
0,0,0,0.05460668757128322,0.08
0,0,0,0.04147373320761466,0.04
0,0,0,0.013531254733488913,0.02
0,0,0,0.12794560996625867,0.02
0,0,0,8.096924630203718e-06,0.01
1,1,1,0.6993444757555449,0.84
0,0,0,0.002709743524341161,0.02
0,1,0,0.7530822344168985,0.26
0,0,0,0.02947886090614549,0.01
0,0,0,0.022399527613910637,0.01
0,0,0,0.02361199030112911,0.19
0,0,0,0.03271713507438398,0.0
0,0,0,0.050626358819561665,0.06
0,0,0,0.08030674633979883,0.01
0,0,0,0.044129654038847034,0.07
0,0,0,0.023085400593235734,0.01
0,0,0,0.0015328377687529734,0.07
0,0,0,0.06468081906292311,0.03
0,0,0,0.09929373423281851,0.1
0,0,0,0.032648445330627995,0.07
0,0,0,0.03492018686215888,0.04
0,0,0,0.47492390304009463,0.29
0,0,0,0.00036748042110291447,0.06
0,0,0,0.23888883663321198,0.08
0,0,0,0.002119730373788931,0.04
0,0,0,0.0010761047518074445,0.03
1,0,1,0.41447924678873094,0.52
0,0,0,0.024482316816855147,0.04
0,0,0,0.11775084876006918,0.07
0,0,0,0.030180619981436594,0.02
0,0,0,8.28593844526631e-05,0.0
0,0,0,0.034519329726364,0.01
0,0,0,0.011488055990314851,0.01
0,0,0,0.09865120135525327,0.06
0,0,0,0.09872223034784093,0.05
0,0,0,0.4430232861342426,0.26
0,0,0,0.09463796449946286,0.13
1,1,1,0.8211307973116551,0.76
0,0,0,0.4446099916500633,0.11
1,1,1,0.6408834419984477,0.69
0,0,0,0.05892911340081376,0.03
0,0,0,0.021541968865957557,0.01
1,1,1,0.7457784243220109,0.78
0,0,0,0.010795319822636417,0.03
0,0,0,0.004979340834277392,0.05
0,0,0,0.036805072838045,0.01
0,0,0,0.000959964449776258,0.0
0,0,0,0.26164043767143175,0.06
0,0,0,0.021795210139109063,0.02
0,0,0,0.06870425277322656,0.02
0,0,0,0.0127842340417187,0.01
0,0,0,0.016970004314130302,0.08
